abbyz = Abhishek Kulkarni <adkulkar@cs.indiana.edu>
adi = Adrian Knoth <adi@minet.uni-jena.de>
adkulkar = Abhishek Kulkarni <adkulkar@cs.indiana.edu>
adrian = Adrian Reber <adrian@lisas.de>
afriedle = Andrew Friedley <afriedle@osl.iu.edu>
alekseys = Aleksey Senin <alekseys@mellanox.com>
alex = Alex Margolin <alex.margolin@mail.huji.ac.il>
amikheev = Alex Mikheev <alexm@mellanox.com>
angskun = Thara Angskun <angskun@cs.utk.edu>
Anya = Anya Tatashina <anya.tatashina@sun.com>
apant = Avneesh Pant <avneesh.pant@qlogic.com>
artpol = Artem Polyakov <artpol84@gmail.com>
bbenton = Brad Benton <brad.benton@us.ibm.com>
bosilca = George Bosilca <bosilca@icl.utk.edu>
bouteill = Aurelien Bouteiller <bouteill@icl.utk.edu>
brbarret = Brian Barrett <brbarret@open-mpi.org>
bricka = Alex Brick <bricka@ccs.neu.edu>
bwesarg = Bert Wesarg <bert.wesarg@tu-dresden.de>
casswell = Laura Casswell <lcasswell@lanl.gov>
coti = Camille Coti <ccoti@icl.utk.edu>
csbell = Christian Bell <christian.bell@qlogic.com>
cyeoh = Christopher Yeoh <cyeoh@au1.ibm.com>
damico = Bill D'Amico <bdamico@cisco.com>
ddd = David Daniel <ddd@lanl.gov>
derbeyn = Nadia Derbey <Nadia.Derbey@bull.net>
dgdimick = Denis Dimick <dgdimick@lnal.gov>
dgoodell = Dave Goodell <dgoodell@cisco.com>
dkerr = Donald Kerr <donald.kerr@oracle.com>
dlacher = Dan Lacher <dan.lacher@sun.com>
dorons = Doron Shoham <dorons@mellanox.com>
edgar = Edgar Gabriel <gabriel@cs.uh.edu>
emallove = Ethan Mallove <ethan.mallove@oracle.com>
eugene = Eugene Loh <eugene.loh@oracle.com>
gef = Graham Fagg <gef@icl.utk.edu>
ggouaillardet = Gilles Gouaillardet <gilles.gouaillardet@iferc.org>
gingery = Ginger Young <gingery@lanl.gov>
gleb = Gleb Natapov <gleb@voltaire.com>
gshipman = Galen Shipman <gshipman@lanl.gov>
gwatson = Greg Watson <gwatson@lanl.gov>
hadi = Hadi Montakhabi <hmontakhabi@uh.edu>
herault = Thomas Herault <herault@icl.utk.edu>
hjelmn = Nathan Hjelm <hjelmn@lanl.gov>
hpcstork = Sven Stork <stork@hlrs.de>
hpcchris = Christoph Niethammer <niethammer@hlrs.de>
hppritcha = Howard Pritchard <howardp@lanl.gov>
htor = Torsten Hoefler <htor@osl.iu.edu>
igb = Iain Bason <iain.bason@oracle.com>
igoru = Igor Usarov <igoru@mellanox.com>
jdmason = Jon Mason <jdmason@opengridcomputing.com>
jjhursey = Josh Hursey <jhursey@uwlax.edu>
jladd = Joshua Ladd <joshual@mellanox.com>
jnysal = Nysal Jan <jnysal@in.ibm.com>
jroman = Jose Roman <jroman@dsic.upv.es>
jsquyres = Jeff Squyres <jsquyres@cisco.com>
jurenz = Matthias Jurenz <matthias.jurenz@tu-dresden.de>
karenn = Karen Norteman <karen.norteman@sun.com>
kliteyn = Yevgeny Kliteynik <kliteyn@mellanox.co.il>
kmroz = Karl Mroz <mroz.karol@gmail.com>
knuepfer = Andreas Knüpfer <andreas.knuepfer@tu-dresden.de>
koenig = Greg Koenig <koenig@acm.org>
lemarini = Pierre Lemarinier <lemarini@icl.utk.edu>
lennyve = Lenny Verkhovsky <lennyb@voltaire.com>
lums = Andrew Lumsdaine <lums@cs.indiana.edu>
manjugv = Manjunath Gorentla Venkata <manjugv@ornl.gov>
matney = Kenneth Matney <matneykdsr@ornl.gov>
miked = Mike Dubman <miked@mellanox.com>
alinas = Alina Sklarevich <alinas@mellanox.com>
devendar = Devendar Bureddy <devendar@mellanox.com>
mitch Mitch Sukalski <mwsukal@ca.sandia.gov>
mpiteam = MPI Team <mpiteam@open-mpi.org>
mschaara = Mohamad Chaarawi <mschaara@cs.uh.edu>
mt = Mark Taylor <mt@lanl.gov>
naughtont = Tom Naughton <naughtont@ornl.gov>
ollie = Li-Ta Lo <ollie@lanl.gov>
osvegis = Oscar Gisbert <ovega@dsic.upv.es>
paklui = Pak Lui <pak.lui@sun.com>
pasha = Pavel Shamis <shamisp@ornl.gov>
patrick = Patrick Geoffray <patrick@myri.com>
penoff = Brad Penoff <penoff@cs.ubc.ca>
pjesa = Jelena Pjesivac-Grbovic <pjesa@icl.iu.edu>
pkambadu = Prabhanjan Kambadur <pkambadu@osl.iu.edu>
rasmussn = Craig E Rasmussen <rasmus@cas.uoregon.edu>
rbbrigh = Ron Brightwell <rbbrigh@sandia.gov>
regrant = Ryan Grant <regrant@sandia.gov>
rfaucett = Reese Faucette <rfaucett@cisco.com>
rhc = Ralph Castain <rhc@open-mpi.org>
rlgraham = Rich Graham <richardg@mellanox.com>
rolfv = Rolf vandeVaart <rvandevaart@nvidia.com>
rta = Rob Awles <rta@lanl.gov>
rusraink = Rainer Keller <rainer.keller@hlrs.de>
sami = Sami Ayyorgun <sami@lanl.gov>
samuel = Samuel Gutierrez <samuel@lanl.gov>
santhana = Gopal Santhanaraman <santhana@osu.edu>
sboehm = Swen Boehm <sboehm@ornl.gov>
sharonm = Sharon Melamed <sharonm@voltaire.com>
shiqing = Shiqing Fan <shiqing@hlrs.de>
sjeaugey = Sylvain Jeaugey <sylvain.jeaugey@bull.net>
surs = Sayantan Sur <surs@osu.edu>
sushant = Sushant Sharma <sushant@lanl.gov>
swise = Steve Wise <swise@opengridcomputing.com>
tdd = Terry Dontje <terry.dontje@oracle.com>
timattox = Tim Mattox <tmattox@gmail.com>
tkordenbrock = Todd Kordenbrock <thkorde@sandia.gov>
tprins = Tim Prins <tprins@lanl.gov>
twoodall = Tim Woodall <twoodall@lanl.gov>
vasily = Vasily Filipov <vasily@mellanox.com>
vsahay = Vishal Sahay <vsahay@osl.iu.edu>
vvenkatesan = Vishwanath Venkatesan <vvenkates@gmail.com>
wbland = Wesley Bland <wbland@icl.utk.edu>
yaeld = Yael Dayan <yaeld@mellanox.com>
yosefe = Yossi Etigin <yosefe@mellanox.com>
yuw = Weikuan Yu <yuw@lanl.gov>
